<?xml version="1.0" encoding="utf-8" standalone="yes" ?>
<rss version="2.0" xmlns:atom="http://www.w3.org/2005/Atom">
  <channel>
    <title>Bootkube on rmenn - personal blog</title>
    <link>http://blog.rmenn.in/categories/bootkube/index.xml</link>
    <description>Recent content in Bootkube on rmenn - personal blog</description>
    <generator>Hugo -- gohugo.io</generator>
    <language>en-US</language>
    <copyright>All rights reserved - 2017</copyright>
    <atom:link href="http://blog.rmenn.in/categories/bootkube/index.xml" rel="self" type="application/rss+xml" />
    
    <item>
      <title>Bootkube</title>
      <link>http://blog.rmenn.in/post/bootkube/</link>
      <pubDate>Fri, 24 Mar 2017 21:31:51 +0530</pubDate>
      
      <guid>http://blog.rmenn.in/post/bootkube/</guid>
      <description>&lt;p&gt;I have been trying out bootkube for a while now. It may be a beta, but I love the concept and how it works.&lt;/p&gt;

&lt;p&gt;For those who have not heard about &lt;a href=&#34;https://github.com/kubernetes-incubator/bootkube&#34;&gt;bootkube&lt;/a&gt;, its a tool which is used
to bootstrap self-hosted clusters. Self-hosted essentially means running kubernetes
as a objects on the kubernetes cluster ( I can hear people close their tabs ), its just
kubernetes running on kubernetes. You can take a look at this video where Aaron Levy explains
what self-hosted is and how you can benefit from it.

&lt;div style=&#34;position: relative; padding-bottom: 56.25%; padding-top: 30px; height: 0; overflow: hidden;&#34;&gt;
  &lt;iframe src=&#34;//www.youtube.com/embed/EbNxGK9MwN4&#34; style=&#34;position: absolute; top: 0; left: 0; width: 100%; height: 100%;&#34; allowfullscreen frameborder=&#34;0&#34;&gt;&lt;/iframe&gt;
 &lt;/div&gt;
&lt;/p&gt;

&lt;p&gt;The one thing that you need to know is that bootkube is very opinionated on how the cluster
should be. Bootkube is nothing but a tool to bootstrap your own self-hosted cluster.&lt;/p&gt;

&lt;p&gt;bootkube helps me where i need it the most, upgrading clusters, i know upgrading to 1.6 is not going to be trivial, but i have done
multiple upgrades 1.5.1 all the way to 1.5.4.&lt;/p&gt;
</description>
    </item>
    
    <item>
      <title>Bootkube</title>
      <link>http://blog.rmenn.in/blog/bootkube/</link>
      <pubDate>Tue, 14 Mar 2017 21:31:51 +0530</pubDate>
      
      <guid>http://blog.rmenn.in/blog/bootkube/</guid>
      <description>&lt;p&gt;I have been trying out bootkube for a while, its considered beta, i really love the concept and how it works.&lt;/p&gt;

&lt;p&gt;For those who have not heard about [bootkube][1], its a tool which is used
to bootstrap self-hosted clusters. Self-hosted essentially means running kubernetes
as a objects on the kubernetes cluster ( I can hear people close their tabs ), its just
kubernetes running on kubernetes. You can take a look at this video where Aaron Levy explain
what self-hosted is and how you can benefit from it.

&lt;div style=&#34;position: relative; padding-bottom: 56.25%; padding-top: 30px; height: 0; overflow: hidden;&#34;&gt;
  &lt;iframe src=&#34;//www.youtube.com/embed/EbNxGK9MwN4&#34; style=&#34;position: absolute; top: 0; left: 0; width: 100%; height: 100%;&#34; allowfullscreen frameborder=&#34;0&#34;&gt;&lt;/iframe&gt;
 &lt;/div&gt;

&lt;div class=&#34;highlight&#34;&gt;&lt;pre&gt;&lt;code class=&#34;language-bash&#34; data-lang=&#34;bash&#34;&gt;&lt;span&gt;&lt;/span&gt;hostname
uname
&lt;/code&gt;&lt;/pre&gt;&lt;/div&gt;
&lt;/p&gt;

&lt;p&gt;test test&lt;/p&gt;
</description>
    </item>
    
  </channel>
</rss>