<?xml version="1.0" encoding="utf-8" standalone="yes" ?>
<rss version="2.0" xmlns:atom="http://www.w3.org/2005/Atom">
  <channel>
    <title>Blog on rmenn - personal blog</title>
    <link>http://blog.rmenn.in/blog/index.xml</link>
    <description>Recent content in Blog on rmenn - personal blog</description>
    <generator>Hugo -- gohugo.io</generator>
    <language>en-US</language>
    <copyright>All rights reserved - 2017</copyright>
    <lastBuildDate>Tue, 14 Mar 2017 21:31:51 +0530</lastBuildDate>
    <atom:link href="http://blog.rmenn.in/blog/index.xml" rel="self" type="application/rss+xml" />
    
    <item>
      <title>Bootkube</title>
      <link>http://blog.rmenn.in/blog/bootkube/</link>
      <pubDate>Tue, 14 Mar 2017 21:31:51 +0530</pubDate>
      
      <guid>http://blog.rmenn.in/blog/bootkube/</guid>
      <description>&lt;p&gt;I have been trying out bootkube for a while, its considered beta, i really love the concept and how it works.&lt;/p&gt;

&lt;p&gt;For those who have not heard about [bootkube][1], its a tool which is used
to bootstrap self-hosted clusters. Self-hosted essentially means running kubernetes
as a objects on the kubernetes cluster ( I can hear people close their tabs ), its just
kubernetes running on kubernetes. You can take a look at this video where Aaron Levy explain
what self-hosted is and how you can benefit from it.

&lt;div style=&#34;position: relative; padding-bottom: 56.25%; padding-top: 30px; height: 0; overflow: hidden;&#34;&gt;
  &lt;iframe src=&#34;//www.youtube.com/embed/EbNxGK9MwN4&#34; style=&#34;position: absolute; top: 0; left: 0; width: 100%; height: 100%;&#34; allowfullscreen frameborder=&#34;0&#34;&gt;&lt;/iframe&gt;
 &lt;/div&gt;

&lt;div class=&#34;highlight&#34;&gt;&lt;pre&gt;&lt;code class=&#34;language-bash&#34; data-lang=&#34;bash&#34;&gt;&lt;span&gt;&lt;/span&gt;hostname
uname
&lt;/code&gt;&lt;/pre&gt;&lt;/div&gt;
&lt;/p&gt;

&lt;p&gt;test test&lt;/p&gt;
</description>
    </item>
    
    <item>
      <title>Here we Go</title>
      <link>http://blog.rmenn.in/blog/intro/</link>
      <pubDate>Mon, 26 Sep 2016 15:29:15 +0530</pubDate>
      
      <guid>http://blog.rmenn.in/blog/intro/</guid>
      <description>&lt;p&gt;Hello there, and welcome to my space. I&amp;rsquo;m hoping to drop a few pearls of wisdom here, but this is also a record of my misadventures and here&amp;rsquo;s hoping nobody repeats them!&lt;/p&gt;
</description>
    </item>
    
  </channel>
</rss>