<?xml version="1.0" encoding="utf-8" standalone="yes" ?>
<rss version="2.0" xmlns:atom="http://www.w3.org/2005/Atom">
  <channel>
    <title>Post on rmenn - personal blog</title>
    <link>http://blog.rmenn.in/post/index.xml</link>
    <description>Recent content in Post on rmenn - personal blog</description>
    <generator>Hugo -- gohugo.io</generator>
    <language>en-US</language>
    <copyright>All rights reserved - 2017</copyright>
    <lastBuildDate>Wed, 26 Apr 2017 19:53:09 +0530</lastBuildDate>
    <atom:link href="http://blog.rmenn.in/post/index.xml" rel="self" type="application/rss+xml" />
    
    <item>
      <title>Running bootkube on OSX</title>
      <link>http://blog.rmenn.in/post/bootkube-coseos-osx/</link>
      <pubDate>Wed, 26 Apr 2017 19:53:09 +0530</pubDate>
      
      <guid>http://blog.rmenn.in/post/bootkube-coseos-osx/</guid>
      <description>&lt;p&gt;I&amp;rsquo;d heard of bootkube and wanted to try it out, I also really wanted to run this locally on my MacBook. I didn&amp;rsquo;t want to run it on Virtual Box, this was when I remembered &lt;a href=&#34;https://github.com/TheNewNormal/kube-solo-osx&#34;&gt;kubesolo&lt;/a&gt; which used the xhvye virtualization to stand up a kubernetes cluster on your MacBook. I then looked and found &lt;a href=&#34;https://github.com/TheNewNormal/corectl&#34;&gt;corectl&lt;/a&gt;, which allows you to run a coreos vm on xhyve. It took me a day or so to figure out how exactly I needed to bring up the cluster.&lt;/p&gt;

&lt;p&gt;I&amp;rsquo;d like to share the process on how I got this done. I took the lastest bootkube version at the time of writing (0.4.1 - released less than 24 hours ago). Coreos is what we run kubernetes on, so having a playground that I could try things out was a big bonus. You can check out the repo where I have put in a few things to get things running. I&amp;rsquo;ve hardcoded a lot of things, you can change all the config on the script. I have tried to put out as much detail as I can on the readme, check it out &lt;a href=&#34;https://github.com/rmenn/bootkube-osx&#34;&gt;here&lt;/a&gt;.&lt;/p&gt;

&lt;p&gt;There maybe a lot of errors on the script, its probably not the most efficient script, so be gentle.&lt;/p&gt;
</description>
    </item>
    
    <item>
      <title>Bootkube</title>
      <link>http://blog.rmenn.in/post/bootkube/</link>
      <pubDate>Fri, 24 Mar 2017 21:31:51 +0530</pubDate>
      
      <guid>http://blog.rmenn.in/post/bootkube/</guid>
      <description>&lt;p&gt;I have been trying out bootkube for a while now. It may be a beta, but I love the concept and how it works.&lt;/p&gt;

&lt;p&gt;For those who have not heard about &lt;a href=&#34;https://github.com/kubernetes-incubator/bootkube&#34;&gt;bootkube&lt;/a&gt;, its a tool which is used
to bootstrap self-hosted clusters. Self-hosted essentially means running kubernetes
as a objects on the kubernetes cluster ( I can hear people close their tabs ), its just
kubernetes running on kubernetes. You can take a look at this video where Aaron Levy explains
what self-hosted is and how you can benefit from it.

&lt;div style=&#34;position: relative; padding-bottom: 56.25%; padding-top: 30px; height: 0; overflow: hidden;&#34;&gt;
  &lt;iframe src=&#34;//www.youtube.com/embed/EbNxGK9MwN4&#34; style=&#34;position: absolute; top: 0; left: 0; width: 100%; height: 100%;&#34; allowfullscreen frameborder=&#34;0&#34;&gt;&lt;/iframe&gt;
 &lt;/div&gt;
&lt;/p&gt;

&lt;p&gt;The one thing that you need to know is that bootkube is very opinionated on how the cluster
should be. Bootkube is nothing but a tool to bootstrap your own self-hosted cluster.&lt;/p&gt;

&lt;p&gt;bootkube helps me where i need it the most, upgrading clusters, i know upgrading to 1.6 is not going to be trivial, but i have done
multiple upgrades 1.5.1 all the way to 1.5.4.&lt;/p&gt;
</description>
    </item>
    
    <item>
      <title>Here we Go</title>
      <link>http://blog.rmenn.in/post/intro/</link>
      <pubDate>Mon, 26 Sep 2016 15:29:15 +0530</pubDate>
      
      <guid>http://blog.rmenn.in/post/intro/</guid>
      <description>&lt;p&gt;Hello there, and welcome to my space. I&amp;rsquo;m hoping to drop a few pearls of wisdom here, but this is also a record of my misadventures and here&amp;rsquo;s hoping nobody repeats them!&lt;/p&gt;
</description>
    </item>
    
  </channel>
</rss>